"Cluster","Markers","Cell_Type","Explanation"
"0_0","Gm42418,Six3,Otx2,Fezf1,Lars2,Six3os1,Lhx2,Nr2e1,Malat1,3110039M20Rik","Neural progenitor cells","Based on the markers provided for mouse embryo cells in cluster 0_0, the most likely cell type is neural progenitor cells or early neural precursor cells. Here's a concise explanation for each of the key markers:

1. **Six3** and **Otx2**: Both are transcription factors crucial for early neural development, particularly in the development of the forebrain and eye field.

2. **Lhx2**: This is another transcription factor involved in forebrain development and the regulation of neural progenitor cell proliferation.

3. **Nr2e1 (also known as Tlx)**: A nuclear receptor important for maintaining neural stem cell self-renewal and regulating neurogenesis.

4. **Fezf1**: Plays a role in the differentiation of neural progenitors and is involved in forebrain patterning.

5. **Gm42418** and **Six3os1**: Although less characterized, these genes are often expressed in contexts associated with neural tissue and development.

6. **Malat1**: This long non-coding RNA is highly expressed in a variety of tissues and is linked with cell proliferation, including in neural contexts.

7. **Lars2 (Leucyl-tRNA Synthetase 2, mitochondrial)**: Generally involved in mitochondrial protein synthesis, but high expression can also indicate metabolic activity typical of proliferating cells such as progenitor cells.

8. **3110039M20Rik**: This gene is less well-characterized but its co-expression with several known neural markers suggests a role in early neural development.

Overall, the expression of several key transcription factors associated with neural tissue development, particularly those guiding forebrain and neural progenitor commitment, suggests that these cells are likely early neural progenitors."
"3_0","Hoxd13,Hoxd10,Hoxa10,Hoxd11,Hoxc11,Hoxc10,Hoxa11os,Hoxa11,Tbx4,2610528A11Rik","Hindlimb progenitor cells","The markers listed—Hoxd13, Hoxd10, Hoxa10, Hoxd11, Hoxc11, Hoxc10, Hoxa11os, Hoxa11, Tbx4, and 2610528A11Rik—are highly suggestive of a cell type associated with limb development and differentiation, likely hindlimb progenitor cells in a mouse embryo.

Here's the reasoning:

1. **Hox Genes**: The Hox gene clusters (Hoxd, Hoxa, Hoxc, etc.) are crucial for establishing the body plan during embryonic development. Specific Hox genes are known to play roles in patterning the anterior-posterior axis and are particularly critical for limb development. In this case, Hoxd10, Hoxd11, Hoxd13, Hoxa10, Hoxa11, and Hoxa11os, along with Hoxc10 and Hoxc11, are all associated with posterior and limb patterning.

2. **Tbx4**: This gene is specifically expressed in hindlimb bud development. It is crucial for initiating and maintaining limb bud outgrowth and is a key marker for cells that will become part of the hindlimbs.

3. **2610528A11Rik**: While this marker is not as well characterized, the presence of other strong markers for limb development makes it likely that it might be expressed in the same developmental context.

Given these markers are typically upregulated during limb development, especially for hindlimb differentiation, the cell type for the embryo cells in cluster 1_0 is most likely hindlimb progenitor cells."
